[
  {
    "Id": "CALL001",
    "Type": "Traffic Stop",
    "Priority": "Routine",
    "Location": "Vinewood Blvd & Highland Ave",
    "Description": "Vehicle pulled over for speeding",
    "Status": "Active",
    "AssignedOfficers": ["SAMPLE001"],
    "ReportingParty": "Officer Doe",
    "TimeCreated": "2024-01-01T14:30:00",
    "TimeDispatched": "2024-01-01T14:30:00",
    "TimeOnScene": null,
    "TimeCleared": null,
    "Evidence": [],
    "Suspects": [],
    "Vehicles": ["ABC123"],
    "Notes": "Routine traffic enforcement",
    "Disposition": "Pending"
  }
]
