[
  {
    "Id": "SAMPLE001",
    "FirstName": "John",
    "LastName": "Doe",
    "Badge": "12345",
    "Rank": "Officer",
    "Department": "LSPD",
    "Division": "Patrol",
    "Status": "Available",
    "CurrentLocation": "Mission Row",
    "Partner": null,
    "Shift": {
      "Start": "2024-01-01T08:00:00",
      "End": "2024-01-01T20:00:00",
      "Type": "Day Shift"
    },
    "Experience": 5,
    "Specializations": ["Traffic", "Community Policing"],
    "ContactInfo": {
      "Radio": "1-ADAM-12",
      "Phone": "555-0123",
      "Email": "j.doe@lspd.gov"
    },
    "Notes": "Veteran officer with excellent community relations"
  }
]
