[
  {
    "Id": "RPT001",
    "Type": "Incident Report",
    "CaseNumber": "2024-001234",
    "Title": "Traffic Violation - Speeding",
    "OfficerReporting": "SAMPLE001",
    "DateCreated": "2024-01-01T14:45:00",
    "DateModified": "2024-01-01T14:45:00",
    "Status": "Draft",
    "Priority": "Routine",
    "Location": "Vinewood Blvd & Highland Ave",
    "Summary": "Vehicle cited for exceeding speed limit in residential area",
    "Details": {
      "Narrative": "At approximately 1430 hours, I observed a white sedan traveling eastbound on Vinewood Boulevard at a high rate of speed. Radar confirmed speed of 45 MPH in a 25 MPH zone. Vehicle was stopped and driver was cited for Vehicle Code 22350.",
      "WeatherConditions": "Clear",
      "RoadConditions": "Dry",
      "Visibility": "Good"
    },
    "InvolvedParties": [
      {
        "Type": "Driver",
        "Name": "Jane Smith",
        "Age": 32,
        "License": "D1234567",
        "Address": "123 Main St, Los Santos",
        "Phone": "555-0456"
      }
    ],
    "Vehicles": [
      {
        "Plate": "ABC123",
        "Make": "Toyota",
        "Model": "Camry",
        "Year": 2020,
        "Color": "White",
        "VIN": "1234567890ABCDEFG"
      }
    ],
    "Citations": [
      {
        "Code": "VC22350",
        "Description": "Unsafe Speed for Conditions",
        "Fine": 150.00
      }
    ],
    "Evidence": [],
    "Witnesses": [],
    "ApprovedBy": null,
    "Supervisor": "SGT. Johnson"
  }
]
