[
  {
    "Id": "SUS001",
    "PersonalInfo": {
      "FirstName": "Robert",
      "LastName": "Johnson",
      "MiddleName": "Lee",
      "Aliases": ["Bobby J", "RJ"],
      "DateOfBirth": "1985-03-15",
      "Age": 39,
      "Gender": "Male",
      "Race": "Caucasian",
      "Height": "6'0\"",
      "Weight": "180 lbs",
      "EyeColor": "Brown",
      "HairColor": "Black",
      "Tattoos": ["Dragon on left arm", "Skull on back"],
      "Scars": ["Scar on right cheek"],
      "Address": "456 Grove Street, Los Santos",
      "Phone": "555-0789"
    },
    "Identification": {
      "SSN": "123-45-6789",
      "DriversLicense": "D9876543",
      "StateIssued": "San Andreas",
      "LicenseStatus": "Suspended"
    },
    "CriminalHistory": [
      {
        "Date": "2023-05-15",
        "Charge": "Possession of Controlled Substance",
        "Disposition": "Guilty",
        "Sentence": "6 months probation",
        "ArrestingAgency": "LSPD"
      },
      {
        "Date": "2022-11-03",
        "Charge": "Driving Under Influence",
        "Disposition": "Guilty",
        "Sentence": "License suspension, 30 days community service",
        "ArrestingAgency": "LSPD"
      }
    ],
    "ActiveWarrants": [
      {
        "WarrantNumber": "W2024-5678",
        "Type": "Bench Warrant",
        "Charge": "Failure to Appear",
        "IssueDate": "2024-01-15",
        "IssuingCourt": "Los Santos Municipal Court",
        "BailAmount": 5000.00,
        "Status": "Active"
      }
    ],
    "Associates": [
      {
        "Name": "Michael Davis",
        "Relationship": "Known Associate",
        "LastContact": "2023-12-01"
      }
    ],
    "Vehicles": [
      {
        "Plate": "XYZ789",
        "Make": "Honda",
        "Model": "Civic",
        "Year": 2018,
        "Color": "Blue",
        "Status": "Registered"
      }
    ],
    "DangerLevel": "Medium",
    "ArmedAndDangerous": false,
    "GangAffiliation": null,
    "Notes": "Known drug user, history of non-violent offenses. Cooperative during previous contacts.",
    "LastUpdated": "2024-01-01T10:00:00",
    "UpdatedBy": "SAMPLE001"
  }
]
