[
  {
    "Id": "VEH001",
    "PlateNumber": "ABC123",
    "State": "San Andreas",
    "VehicleInfo": {
      "Make": "Toyota",
      "Model": "Camry",
      "Year": 2020,
      "Color": "White",
      "VIN": "1234567890ABCDEFG",
      "BodyStyle": "Sedan"
    },
    "Registration": {
      "Status": "Current",
      "ExpirationDate": "2024-12-31",
      "RegisteredOwner": {
        "Name": "Jane Smith",
        "Address": "123 Main St, Los Santos",
        "Phone": "555-0456",
        "License": "D1234567"
      }
    },
    "Insurance": {
      "Company": "State Farm",
      "PolicyNumber": "SF123456789",
      "Status": "Active",
      "ExpirationDate": "2024-06-30"
    },
    "Flags": [],
    "History": [
      {
        "Date": "2024-01-01",
        "Type": "Traffic Stop",
        "Officer": "SAMPLE001",
        "Location": "Vinewood Blvd & Highland Ave",
        "Disposition": "Citation Issued",
        "Notes": "Speeding violation"
      }
    ],
    "Alerts": [],
    "Notes": "No significant history",
    "LastUpdated": "2024-01-01T14:45:00"
  }
]
